<?xml version="1.0" encoding="UTF-8"?>
<project-private xmlns="http://www.netbeans.org/ns/project-private/1">
    <editor-bookmarks xmlns="http://www.netbeans.org/ns/editor-bookmarks/2" lastBookmarkId="0"/>
    <open-files xmlns="http://www.netbeans.org/ns/projectui-open-files/2">
        <group>
            <file>file:/C:/Users/mali.bscs13seecs/Desktop/lab11/ORM_Hibernate/ORM_Hibernate/src/attendance/entity/Student.java</file>
            <file>file:/C:/Users/mali.bscs13seecs/Desktop/lab11/ORM_Hibernate/ORM_Hibernate/src/main/gradebook/App.java</file>
            <file>file:/C:/Users/mali.bscs13seecs/Desktop/lab11/ORM_Hibernate/ORM_Hibernate/src/mymain/gradebookCaller.java</file>
            <file>file:/C:/Users/mali.bscs13seecs/Desktop/lab11/ORM_Hibernate/ORM_Hibernate/test/mymain/gradebookCallerTest.java</file>
            <file>file:/C:/Users/mali.bscs13seecs/Desktop/lab11/ORM_Hibernate/ORM_Hibernate/src/mymain/NewClass.java</file>
            <file>file:/C:/Users/mali.bscs13seecs/Desktop/lab11/ORM_Hibernate/ORM_Hibernate/src/attendance/entity/Attendance.java</file>
            <file>file:/C:/Users/mali.bscs13seecs/Desktop/lab11/ORM_Hibernate/ORM_Hibernate/test/main/gradebook/AppTest.java</file>
            <file>file:/C:/Users/mali.bscs13seecs/Desktop/lab11/ORM_Hibernate/ORM_Hibernate/test/mymain/NewClassTest.java</file>
        </group>
    </open-files>
</project-private>
